{
    "mae": 0.45390009991159014,
    "mse": 3.033083995600934,
    "rmse": 1.7415751478477564,
    "median_ae": 0.07140878865036804,
    "r2": 0.8083138543201487,
    "explained_variance": 0.8085028598917012,
    "bias": -0.05468700754429072,
    "error_std": 1.7407163257713143,
    "max_error": 29.69323750027391,
    "raw_arome_mae": 6.040611838943932,
    "corrected_mae": 0.45390009991159014,
    "raw_arome_rmse": 7.113261168538111,
    "corrected_rmse": 1.7415751478477564,
    "raw_arome_r2": -13.042151594294936,
    "corrected_r2": 0.1582549215480329,
    "mae_improvement_percent": 92.48585884983889,
    "rmse_improvement_percent": 75.5165021136757
}